Well,Num_Reads,Consensus_Length,Consensus_Sequence,Avg_Coverage,Avg_Consensus_Quality,Min_Coverage,Max_Coverage
A10,1,521,GGTGCTGTAGCTGACTGTCTTCCATACCGACTTAACCTTTTCTGTTGGTGCTGATATTGCCGTCTTGAAGTTGCGAGTAAGGATCTCCAGGCGAAGATAGAGCGACAGGCAAGTAGGTTAAATCAGAGGTACTTTCCTGGAGGGTCAGGTGCTGGTTCCTCGTGCAGTGTCAAGAGATTTAACCTTTTCTGTTGGTGCTGATATTGCCGTCTTGAAGTTGCGATTATAGAGCGACAGGCAAGTAGGTTAAATCAGAGGTACTTTCCTGGAGGGTCAGCACCGGTGCTGACCCTCCAGGAAAGTACCTCTGATTTAACCTACTTGCCTGTCGCTCTATCAGCACCAACAGAAAAGGTTAACACAAAGACACCGACAACTTTCTTCAGGGTGCTGTACATGCTCCTGTTGTTAGGGAGGTTAACCTTTNNTGTTGGTGCTGATATTGCCGTCTTGAAGTTGCGATTATAGAGCGACAGGCAAGTAGGTTAAATCAGAGGTACTTTCCTGGAGGGTNNNNNNNN,1.0,43.1,0,1
A12,1,564,GGTGCTGACCCTCCAGGAAAGTACCTCTGATTTAACCTACTTGCCTGTCGCTCTATCTTCNNNNNGAGATCCTTACTCGCAACTTCAAGACGGCAATATCAGCACCAACAGAAAAGGTTAAGCAGTCCCTCAGCTTCGTAAGTAGCAGCACTTNNNNNNNNNNNNNNNNNNNNNGTCTTGAAGTTGCGATTAAGGATCTCCAGGCGNNNNNNNNNNGACANNNNAGTNNNNNNNNNNNNNNNNNNNNNNNNNNNNNNNNNNNNNNNNNNNNNNGAAACCTTTGTCCTCTCTTAACCTACTTGCCTGTCGCTCTATCTTCGCCTGGAGATCCTTACTCGACTTGCCTGTCGCTCTATAATCGCAACTTCAAGACGGCAATATCAGCACCAACAGAAAAGGTTAATAGGGAAACACGATAGAATCCGAACAGCACCTGACCCTCCAGGAAAGTACCTCTGATTTAACCTACTTGCCTGTCGCTCTATAATCGCAACTTCAAGACGGCAATATCAGCACCAACAGAAAAGGTTAAAAGGATTCATTCCCACGGTAACACCAGCACCA,0.8,35.5,0,1
A4,1,504,GGTGCTGGTTCCTCGTGCAGTGTCAAGAGATTTAACCTTTTCTGTTGGTGCTGATATTGCCGTCTTGAAGTTGCGAAGATAGAGCGACAGGCAAGTCGAGTAAGGATCTCCAGGCGAAGATACTTGCCTGTCGCTCTATCTTCGCCTGGAGATCCTTNNNNNACTTGCCTNTCGCTNNNNNATCGCAACTTNNNNNNNNNNATATCAGCACCAACAGAAAAGGTTAATCACACGAGTATGGAAGTCGTTCTCAGCACCGGTGCTGGTTCCTCGTGCAGTGTCAAGAGATTTAACCTTTTCTGTTGGTGCTGCACGAGNNNNNNNNNNNNNNNNNNNNNNNNNNNCCATACTCGTGTGATTAACCTTTTTCTGTTGGTGCTGATATTGCCGTCTTGAAGTTGCGATTATAGAGCGACAGGCAAGTCGAGTAAGGATCTCCAGGCGAAGATAGAGCGACAGGCAAGTAGGTTAAATCAGAGGTACTTNNNTGGAGGGTCAGCACCA,0.9,35.2,0,1
A5,2,1111,GGTGCTGTTCAGGGAACAAACCAAGTTACGTTTAACCTTTTCTGTTGGTGCTGATATTGCCGTCTTGAAGTTGCGATTATAGATTGACGGCTAGCTCACTCATTCGTAATGCTAGCGAATTCATTAAAGAGGAGAAAGGTACCATGAGCAAAGGAGAAGAACTTTTCACTGGAGTTGTCCCTCCTATTGTTGAATTAGTTAGTTGGTGTAGTGAACACGAACAAATTTTCTGTCCGGGGAGAGGGGGTGATGGTACAAACGGAAAACTCACCCTTAAATTTATTTATTCTCCCTGAAGACTACCTGTTCCGTCGCCAACACTTGTCACTACTCTGACCTATGGTGTTTGATGCTTTTCCCTCTCTCCGGATCACACGAAACGGCATGAATGTTTCAAGAGTGCCATGCCCGACGGTAGTGTACGTACAGGAACATGCTATATCTTAGATGACTGACGGGACAAGCAACGTGCTGAATGAAGTCAAGTTTGAAGGTGATACCCTTATCATATCGAGTTAAAGGGTATTGATTGTATATAAGATGGAAACATTCTTTCTTGCAAACAAACTCGAGTATTTCTTTAACACAATCTATACATCACGGCAGACAAACAAACGAATGGAATGAAAGCTAACTTCATAATTCGCCCCAACCTAGAAGATGGTTGGTTCCATCTAGCAGACAAATCTCAATAAAAAAATTAATTCAACTATGGACCGGTCTGTTTTCCTGCCAAACATTCACTACCTGTCGACACAATCTGTCCTTTAGAACCAAACCAAAAGCGTGACCACATGGTCCTTCTTTCTTGAGTAACTGCTGCTGGGATTACACATGGCATGGATGAGCTCTCTCTACGGATNCCAAACCCAACTCGAGATCTCCTGGCCAGGAGAGGGCAGAACGCAAGTAGGTTAAGAGAGGACAAGGCTTACAATGCTACGCTTCAGCACCGGTGCTGAGNNNNAACGCTCGTGTGATACTCGTTTTCTGTTGGTGCTGATATTGCCCTGATAAAGCTGTCTTGAAGTTTCTAGTAGGGAAGATAGAGCGACAGGCAAGTAGGTTAAATCAGAGGTACTTTAGAGGTGGGTNCCTNNNNNNNNNNNNN,1.8,42.1,0,2
A8,1,601,GGTGCTGATGNNNNNNNNNNNNAGGAAACATTAACCTTTTCTGTTGGTGCTGATATTGCCGTCTTGAAGTTGCGATTATNNNNNNACAGGCAAGTGAGTAAGGATCTCCAGGCGAAGATAGAGCGACAGGCAAGTAGGTTANANNNNNNNNNNNNNNNNGGAGGGTNNNNNNNNNNGCTGACCNNNNNNNNNNGNNNNNNNNNNNNNACCTACTTGNNNNNNNNNNNNNNNNNNNNNNNNNNNNNNTNNNNNNCTTNNNNNNNNNNNNNNNNNTCNNNNNNNNNNNNNNNNNNNNNNNNNNNNNNNNNNNNGTTAAGTCGGTATGGAAGACAGTCAGCTACAGCACCGNNNCNNNNNNNNNNNNGTTCCTTCCCNCTCTTAACCTTTTCTACTNNNNNNCGGTGCTGTAGCTGACTGTCTTCCATACCGACTTAACCTTTTCTGTTGGTGCTGATATTGCCGTCTTGAAGTTGCGATTATAGAGCGACAGGCANNNNNNNNGGATCTCCAGGCGAAGATAGAGCGACAGGCAAGTAGGTTAAATCAGAGGTANNNNNNTGGAGGGTNNNNNNNNNNNNNNNNCNNNNNNGAAAGTACCTNN,0.6,23.2,0,1
G10,4,1071,GGTGCTGAAGCGTTGAAACCTTTGTCCTCTCTTAACCTACTTGGCCTGTCGCTCTATCTTCGCTGGAGATCTCCTTACTCGNAGTTTGGATCCTNTANTTTGTGAGCTTCATCCAGTGCCATGTGTAATCCCAGCAGCAGTTANCAAACTCAAGTAAGGTACCATGTTTCGTGGTCACGTTCTTTTCGGACAGGTTGTGGGAACTCTTATCGAAAGGACAGATAATGGTGTCGACAGGCGCTAATGGTATGTCTTTGGTAAAAGGACAGGGCCATCGCAACAATTGGAGTATTAATTGTTGATAATGGTCTGAACTAGTTGAACGGAACCATCTTCAACGTTTCGTGGCGAATTTTTGAAGTTAGCTTTGATTCCTATTATCTTAGTTGTTTGTCTGCCGTGATTTGTATTACATTAAAATGTGTGAGTTTTAAAACAGTTGGATTACTCGGAGTTTGTGTCCAAGAATGTTTTCATCTTCTTTTAAAGATGGCAATACCCTTTAAGACTGGTAACGTTTAATCCAAGGGATTCACCTTCAAAATCTTGACTTCANGGCAGCCCTTCTGTTAGGTCCCGTCATGACTTTGAAAGAATATAGTTGCGTTCCTGTACATAACCTTGGGGCATGGCGACTCTTGAAAAGGTCATGCCGTTTCATGTGATCCGGATAACGGGGGAAAAGCATTGAACACCATAGGNTTCAGAGTTAGTGACAGGTGTTGGCCACGGAACNNNNAAGGTAGTTCATTTCCAGTAGTGCAAATAATTTTAAAGGGTGAGTTTTCCGTTTGTAGCAATCACCTTCACCCTCTCCCACGGACAGAAAATTTGTGCCCATTAACATCACCATCTAATTCAACAGAATTTGGGACAAACTCCAGTAAAAAGGGTAACTCTCCTTTGCTCATCGTATTTTTCTTCCTCTAATCAACTCGCTAGCATTTAAAACTAGGATTTGATCAGCTGTTGGAATCTATAATCGCAACTTCAAGAACGGCAATATCCAGGCAACCAAACANGGAAAGGCTAGTCGGNTATGAGAAAACAGAGAGNTCANNGCTACAGCGC,3.3,41.0,0,4
G4,1,1283,GGTGCTGGTTCCTCGTGCAGTGTCAAGAGATTTNNCCTTTTCTGTTGGTATGGAAGACAGGTGCTGTAGCTGACTGTCTTCCATACCGACTTNNNCTTTTCTGTTNNNNNNNNNNNNNNCGTCTTGAAGTTGCGATTATAGAGCGACAGGCAAGTCGAGTAAGGATCTCCAGGCGAAGATAGAGCGACAGGCAAGTAGGTTAAGAGAGGACAAAGGTTTCAACGCTTCAGCACCGGTGCTGAAGCGTTGAAACCTTTGTCCTNNNNNAACCTACTTNNNNNTCNNNNNNNNAGCACCAACAGAAAAGGTTAACACAAAGACACCGACAACTTTCTTCAGCACCGGTGCTGAGTNNNNNGGTTCCTTCCCNNTCTTAACCTTTTCTGTTGGTGCTGATATTGCCGTCTTGAAGTTGCGATTATAGATTGACAGCGCGACTAGTCCTAGACTTAATGCTAGCGAATTCATTAAAGAGGAGAAAGGTACCATNNNNNAAGGNNNNNNNNNNNNNNNNNNAGTTGTCCCAATTCTTGTTGAATTAGATGGTGATGTTAATGGGCACAAATTTTCTGTCCGTGGAGAGGGTGAAGGTGATGCTACAAACGGAAAACTCACCCTTAAATTTATTTGCACTACTGGAAAACTACCTGTTCCGTGGCCAACACTTGTCACTACTCTGACCTATGGTGTTCAATGCTTTTCCCGTTATCCGGATCACATGAAACGGCATGACTTTTTCAAGAGTGCCATGCCCGAAGGTTATGTACAGGAACGCACTATATCTTTCAAAGATGACGGGACCTACAAGACGCGTGCTGAAGTCAAGTTTGAAGGTGATACCCTTGTTAATCGTATCGAGTTAAAGGGTATTGATTTTAAAGAAGATGGAAACATTCTTGGACACAAACTCNNNNNCAACTTTAACTCACACAATGTATACATCACGGCAGACAAACAAAAGAATGGAATCAAAGCTAACTTCAAAATTCGCCACAACGTTGAAGATGGTTCCGTTCAACTAGCAGACCATTATCAACAAAATACTCCAATTGGCGATGGCCCTGTCCTTTTACCAGACAACCATTACCTGTCGACACAATCTGTCCTTTCGAAAGATCCCAACGAAAAGCGTGACCACATGGTCCTTCTTGAGTTTGTAACTGCTGCTGGGATTACACATGGCATGGATNNNNNNACAAATAAGGATCCAAACTCGAGTAAGGATCTCCAGGCGAAGATAGAGCGACAGGCAAGTAGGTTAAGAGAGGACAAAGGTTNNNNNN,0.9,38.7,0,1
G7,1,928,GGTGCTGAAGCNNNNNAANCTTTNTCCTTNTCTNNNNCTACTTGCCNNTCGCTCTATCTTNNNNNNNNNATCCTTACTCGAGTTTGGATCCTTATTTGTAGAGCTNNNNCATGCCATGTGTAATCCCAGCAGCAGTTACAAACTNNNNNNNNNNNNNGTGGTCACGCTTTNNNNNNNNNNNNNNNNNNNGNNNNNNNNNNNNNNNNNNNNNNNGGTTGTCTGGTAAAAGGACAGGGCCATCGCCNANNGGAGTATTTTGTTGATAATGGTCTGNNAGTTGAACNNNNNNNNNNNCAACGTTGTGGCGAATTTTGAAGTTAGCTTTGATTCCATTCTTTTGTTTGTCTGCCGTGATGTATACATTGTGTGAGTTAAAGTTGTACTCGAGTTTGTGTCCAAGAATGTTTNNNNNNNNNNNNNAATCAATACCCTTNNNCTCGATACGATTAACAAGGGTATCANNNNCAAACTTGACTTCAGCNNNNNNNNNNNNNNCCNTCATCTTTGAAAGATATAGTGCGTTCCTGTACATAACCTTCGGGCATGGCACNNNNNNAAAAGTNNNNNNNNNNNNNNNNNNNNNNNNAACGGGAAAAGCATTGAACACCATANNTCAGAGTAGTGACAAGTGTTGGCCACGGAACAGGTAGTTTTCCAGTAGTGCAAATAAATTTAAGGGTGAGTTTTNCNNNNNNNNNNNTCACCTTCACCCTCTCCACGGACAGAAAATTTGTGCCCATTAACATCACCATCTAATTCAACAAGAATTGGGACAACTCCAGTGAAAAGTTCTTCTCCTTTGCTNNNNNNNNNNNNNNNNNNNNNNNNNGCTAGCATTAGTCCTAGGANNNNNGGAGCTGTCAATCTATAATCGCAACTTCAAGACGGCAATATCAGCACCAACAGAAAAGGTTAATCACACNNNNNN,0.8,28.0,0,1
G8,4,664,GGTGCTGATGTCCCAGTTAGAGGAGGAAACATTAACCTTTTCTGTTGGTGCTGATATTGCCGTCTTGAAGTTGCGAGTAAGGATCTCCAGGCGAAGATAGAGCGACAGGCAAGGATAGTGNTTTAATGGCAGATGTACTTTCCTGCAGGGTTCCATGAAGCCTTGTTGAACACCTTTGTCGCTACTCTTAACCTATTTGCCTGTCGCTCTATCTTCGCCTGGAGATCCTTACTCGNNNGAACTTGCCTGTCGCTCTATAATCGCAACTTCAAGACGGCAATATCAGCGACCAACAGCAAAGGTTAAGCAGTCCCTCAGCTTCGTAAGTAGCAGGGTGCTGGAGATCTTCCTCGTGCAGTTGTCAAGGGATTTAACTTCTTCTGCCTTCTGGTGTGCCGTGAGATTGCAGTAGTCCATATCTGTTGAAGTTGCGAGATTTATCGTCGAGCGTGAGGCAAGTAGGTTAAATGCAGGAAGGATTAACCACTTCCGCTGAGGATGGGGTTTACAGCACCGGTGCTGCTACTTACGAAGGCTGAGGGACAGCTTAACCGTTTTTCTAGTGTGGTGCTGATATTGCCGTCTTGAAGTTNGCGAAGATAGAGCGACAGGCAAGTAGGTTATAGAAGTGAGGACAAAGGTTTCCGACAGGCAAGTAGGTTAA,3.2,42.5,0,4
G9,12,1073,GGTGTTTAAGGGGTAGAGGGTCTTTCCCACTCTTAACCTTTTCTGTTTGTGCGGTTGTTGCGGTCTTGAAGTTGTGAAGTTGGGATTGAATGACAGCCAGTACTAGTACTAATGGTAACGGAATCAAATAAAAGAAAGAAAGGAAAAAGAAGCGAGGAAAAGAAGAAAATTTGAAGAGAAATTTTCTCATTCTTGTTTTGTTCCATTGTTGGGTTGATTGGGAGGAAATTTCTGGTCGGGGAGAGGGTGAATTTCTTGACACGGAAGGGGGAGTAAGCACTTGATTTATACGGAATAATAAAAAATTACCTCTTGCCTCGCCATCACCTCTCAGCACTACTCTCCTCTGTGTTCTTTGCCACTCTCGTTTTTCCCTTTGACACAAACGGCGGTTCATGTTTTACGGCCGTTAGCCCGAAGGATTTAAACAGCAAGGCTTCATGTTCTTAAACAAAGACGGGATCTACAAGAAGGCGGCTGAAATAGTATTAAAAGGTGATGGGCCCTTTAATCCTCAAGAGGTTAAAGGTGTTTTTTTTAATGAAGATGGTAACATTCTTGGTAACAAAATTCAATAGAACATTAATTATTTAAAAGAAGAAAGAAACACTAAAGAACAAAAAAATCGAATAAAACAAAATTTCAAAAATCGCCACCACATTGTAGAAAATTTAAAACAACTAAAAGAACACTAACAAAAAAATAATCCAAATTGACATGGACCTTTTCTCATTACCGTAAACCATTAACTTTTCACACAAACAGTTCCTTCCAAAAAACCCAACCAAAAGAGGGGCCACCACGTTCTTCTTGAACACCTGTTAACCGCTGCTGGGATTACAACTTGAATGGTTGTGGACTAACAAAAAGGATCCAAAAAACAGGAAAGAGCTCCTGCCCGCGAAAGTACGGCTGGCAACTAGTTTTAGAGTGGAGAAAGGCTGCTGGATTAGATATGGCACAAAGGATTCATCAAATCCAAAAGGAACCAAAATTCCAATACCGGGTAATCCAAGGCGACAGGCGAGAAGGTGAAGAGCAACAGGTTAAGAGGGGAACAAAGGACAAATTTC,8.6,40.6,1,12
